,Start_x_,End_x_,Overlap_max,Overlap_count,Middle_x
0,844165,844284,0.21008403361344538,3,844224
1,1025159,1025309,0.21333333333333335,6,1025234
