,Start_x_,End_x_,Overlap_max,Overlap_count,Middle_x
0,53654,53782,0.4296875,2,53718
1,258974,259084,0.3181818181818182,2,259029
2,1074465,1074638,0.15028901734104047,1,1074551
3,1651030,1651152,0.3442622950819672,1,1651091
